0,534.1720353545552
5e-05,534.1862967243444
0.0001,534.2005588988677
0.00015000000000000001,534.2148206552527
0.0002,534.2290822037511
0.00025,534.2433443793859
0.00030000000000000003,534.2576063728874
0.00035000000000000005,534.2718683472252
0.0004000000000000001,534.2861307170043
0.0004500000000000001,534.3003928917384
0.0005000000000000001,534.3146555188002
0.0005500000000000001,534.3289176494745
0.0006000000000000002,534.3432178963232
0.0006500000000000002,534.3574805235572
0.0007000000000000002,534.3717430937245
0.0007500000000000002,534.3860059160434
0.0008000000000000003,534.4002687117786
0.0008500000000000003,534.4145314530564
0.0009000000000000003,534.4287942467649
0.0009500000000000003,534.4430572782219
0.0010000000000000002,534.4573202225848
0.0010500000000000002,534.4715835927393
0.0011,534.4858846929915
0.00115,534.5001477725326
0.0012,534.5144111144798
0.0012499999999999998,534.5286742817137
0.0012999999999999997,534.5429755082989
0.0013499999999999996,534.5572390213566
0.0013999999999999996,534.5715023887429
0.0014499999999999995,534.5857657243432
0.0014999999999999994,534.600035100135
0.0015499999999999993,534.61429832246
0.0015999999999999992,534.6285999815842
0.0016499999999999991,534.6428635978219
0.001699999999999999,534.6571275163793
0.001749999999999999,534.6713910946582
0.0017999999999999989,534.685692831571
0.0018499999999999988,534.6999568775344
0.0018999999999999987,534.7142209011078
0.0019499999999999986,534.7285287107298
0.0019999999999999987,534.7427929330464
0.002049999999999999,534.7570573857946
0.002099999999999999,534.771321521205
0.002149999999999999,534.7856237979138
0.0021999999999999993,534.7998877010544
0.0022499999999999994,534.8141522635655
0.0022999999999999995,534.8284546298405
0.0023499999999999997,534.8427193894761
0.0024,534.856983864411
0.00245,534.8712861924199
0.0025,534.8855507850094
0.00255,534.8998153618394
0.0026000000000000003,534.9141182959987
0.0026500000000000004,534.9283883474438
0.0027000000000000006,534.9426911794357
0.0027500000000000007,534.9569557551689
0.002800000000000001,534.9712206416709
0.002850000000000001,534.9855232410856
0.002900000000000001,534.9997881245357
0.0029500000000000012,535.0140531139817
0.0030000000000000014,535.0283561005831
0.0030500000000000015,535.0426214421208
0.0031000000000000016,535.0569244384635
0.0031500000000000018,535.0711955687137
0.003200000000000002,535.0854986435489
0.003250000000000002,535.0997641144952
0.003300000000000002,535.1140672243918
0.0033500000000000023,535.1283327372519
0.0034000000000000024,535.1426358609767
0.0034500000000000025,535.156901279442
0.0035000000000000027,535.1711666716336
0.003550000000000003,535.1854698625823
0.003600000000000003,535.1997790962929
0.003650000000000003,535.2140448051946
0.003700000000000003,535.2283482177197
0.0037500000000000033,535.2425757908019
0.0038000000000000035,535.2568412549042
0.0038500000000000036,535.271068887896
0.0039000000000000037,535.2853350897132
0.003950000000000004,535.2995629580716
0.0040000000000000036,535.3138289970441
0.004050000000000003,535.3281004488047
0.004100000000000003,535.3423283609505
0.004150000000000003,535.3565941602595
0.004200000000000002,535.3708223910419
0.004250000000000002,535.3850883042197
0.004300000000000002,535.3993177527202
0.0043500000000000014,535.4135838188621
0.004400000000000001,535.4278551583601
0.004450000000000001,535.4420835643652
0.0045000000000000005,535.456349325693
0.00455,535.470615849851
0.0046,535.4848439132912
0.00465,535.4991100857958
0.004699999999999999,535.5133760570511
0.004749999999999999,535.5276103063707
0.004799999999999999,535.541876347997
0.004849999999999998,535.5561431904001
0.004899999999999998,535.5703717666927
0.004949999999999998,535.5846382603746
0.0049999999999999975,535.5989045128008
0.005049999999999997,535.6131389924465
0.005099999999999997,535.6274054743744
0.005149999999999997,535.6416719581758
0.005199999999999996,535.6559384948108
0.005249999999999996,535.6701666457445
0.005299999999999996,535.6844335768908
0.005349999999999995,535.698705478806
0.005399999999999995,535.7129718160892
0.005449999999999995,535.7272007222037
0.0054999999999999945,535.7414673034984
0.005549999999999994,535.7557343028125
0.005599999999999994,535.7700010318688
0.005649999999999994,535.7842356919813
0.005699999999999993,535.7985024411227
0.005749999999999993,535.812769367246
0.005799999999999993,535.8270361848749
0.005849999999999992,535.8413029098444
0.005899999999999992,535.8555748905748
0.005949999999999992,535.8698039683346
0.0059999999999999915,535.8840706803957
0.006049999999999991,535.8983369948361
0.006099999999999991,535.9126037791757
0.0061499999999999905,535.9268766917551
0.00619999999999999,535.9411059793847
0.00624999999999999,535.9554109186978
0.00629999999999999,535.9696454952763
0.006349999999999989,535.9839125892777
0.006399999999999989,535.9981796333882
0.006449999999999989,536.0124465386713
0.006499999999999988,536.0267134254533
0.006549999999999988,536.0409867316694
0.006599999999999988,536.0552538157187
0.0066499999999999875,536.0695203223323
0.006699999999999987,536.0837874374854
0.006749999999999987,536.0980598847407
0.006799999999999987,536.1123270458032
0.006849999999999986,536.126594279345
0.006899999999999986,536.1408234475285
0.006949999999999986,536.1551285056296
0.006999999999999985,536.1693631651415
0.007049999999999985,536.1836679057443
0.007099999999999985,536.1979348236853
0.0071499999999999845,536.2121640249992
0.007199999999999984,536.2264746494525
0.007249999999999984,536.2407411863667
0.007299999999999984,536.254970442316
0.007349999999999983,536.2692756047667
0.007399999999999983,536.2835426151125
0.007449999999999983,536.2978156687117
0.007499999999999982,536.3120829302793
0.007549999999999982,536.3263498519711
0.007599999999999982,536.3406168055255
0.0076499999999999815,536.3548895738847
0.007699999999999981,536.3691564652397
0.007749999999999981,536.383423563423
0.0077999999999999806,536.3976904663651
0.00784999999999998,536.4119634534394
0.00789999999999998,536.4262301587363
0.00794999999999998,536.4404971328979
0.00799999999999998,536.4548020597587
0.008049999999999979,536.4690750829673
0.008099999999999979,536.4833421448708
0.008149999999999978,536.4976092342878
0.008199999999999978,536.5118762834836
0.008249999999999978,536.5261865522119
0.008299999999999978,536.5404538476225
0.008349999999999977,536.5547205764831
0.008399999999999977,536.568992936075
0.008449999999999977,536.5832600642865
0.008499999999999976,536.597527064672
0.008549999999999976,536.6117938960563
0.008599999999999976,536.6261046714179
0.008649999999999975,536.6403713573329
0.008699999999999975,536.654644109642
0.008749999999999975,536.6689110621468
0.008799999999999975,536.683215643946
0.008849999999999974,536.6974880358991
0.008899999999999974,536.7117551913357
0.008949999999999974,536.7260224625385
0.008999999999999973,536.7403273685669
0.009049999999999973,536.7545998170291
0.009099999999999973,536.7688667739724
0.009149999999999972,536.7831332124543
0.009199999999999972,536.7974439174463
0.009249999999999972,536.8117108552246
0.009299999999999971,536.8260151459501
0.009349999999999971,536.8402821274343
0.009399999999999971,536.854554318106
0.00944999999999997,536.8688205543691
0.00949999999999997,536.8831252865266
0.00954999999999997,536.8973975082681
0.00959999999999997,536.9116639474493
0.00964999999999997,536.9259305715518
0.009699999999999969,536.9402408036005
0.009749999999999969,536.9545074012148
0.009799999999999968,536.968811518669
0.009849999999999968,536.983083506955
0.009899999999999968,536.997351063012
0.009949999999999968,537.0116554816129
0.009999999999999967,537.0259654235656
